AgencyName,Murder,Rape,Robbery,Assault,Burglary,Larceny,Auto Theft,Total,Population,Year,County
BELLVILLE PD,0,3,2,6,17,45,0,73,4235,2015,Austin County
SEALY ISD PD,0,0,0,1,1,5,0,7,0,2015,Austin County
AUSTIN CO SO,0,3,2,13,48,61,8,135,17499,2015,Austin County
WALLIS PD,0,0,0,0,3,10,0,13,1284,2015,Austin County
SEALY PD,0,2,0,33,52,162,5,254,6336,2015,Austin County
DANBURY PD (NR),0,1,0,0,0,2,0,3,1767,2015,Brazoria County
ALVIN COMM COLLEGE PD,0,0,0,0,0,13,1,14,0,2015,Brazoria County
SURFSIDE BEACH PD,0,0,0,2,4,11,4,21,544,2015,Brazoria County
ANGLETON ISD PD,0,1,0,1,0,16,0,18,0,2015,Brazoria County
SWEENY PD,0,0,1,7,23,53,1,85,3780,2015,Brazoria County
WEST COLUMBIA PD,0,3,2,10,17,54,4,90,3953,2015,Brazoria County
OYSTER CREEK PD,0,0,1,10,14,19,8,52,1138,2015,Brazoria County
MANVEL PD,0,0,2,12,80,41,11,146,7752,2015,Brazoria County
ANGLETON PD,1,15,8,29,59,320,18,450,19629,2015,Brazoria County
COLUMBIA-BRAZORIA ISD PD,0,0,0,2,0,34,0,36,0,2015,Brazoria County
BRAZORIA CO SO,1,17,20,106,340,748,124,1356,117448,2015,Brazoria County
ALVIN PD,0,11,4,29,102,574,33,753,25842,2015,Brazoria County
PEARLAND PD,2,49,45,71,315,1744,105,2331,106850,2015,Brazoria County
ALVIN ISD PD,0,1,0,3,2,96,1,103,0,2015,Brazoria County
CLUTE PD,0,0,5,12,21,138,6,182,11437,2015,Brazoria County
FREEPORT PD,0,7,3,29,79,183,15,316,12227,2015,Brazoria County
RICHWOOD PD,0,0,0,0,11,15,3,29,3816,2015,Brazoria County
BROOKSIDE VILLAGE PD (NR),0,0,1,0,1,0,0,2,1578,2015,Brazoria County
JONES CREEK PD (NR),0,0,0,2,3,7,0,12,2087,2015,Brazoria County
LAKE JACKSON PD,0,6,8,23,70,376,23,506,27802,2015,Brazoria County
BRAZORIA PD,0,3,2,4,8,31,2,50,3089,2015,Brazoria County
COLLEGE STATION PD,2,62,38,132,393,1964,98,2689,105855,2015,Brazos County
BRYAN PD,5,55,64,239,441,2010,122,2936,82050,2015,Brazos County
BRAZOS CO SO,2,11,3,75,107,206,12,416,25223,2015,Brazos County
TX A&M UNIV: COLLEGE STATION PD,0,3,0,1,28,448,12,492,0,2015,Brazos County
CHAMBERS CO SO,3,10,12,92,135,500,79,831,29603,2015,Chambers County
MONT BELVIEU PD,0,2,2,2,9,87,32,134,5098,2015,Chambers County
BARBERS HILL ISD PD,0,0,0,1,0,4,1,6,0,2015,Chambers County
ARCOLA PD,0,0,1,3,11,1116,1,1132,1672,2015,Fort Bend County
MEADOWS PLACE PD,0,0,3,8,17,67,6,101,4778,2015,Fort Bend County
SUGAR LAND PD,1,11,42,29,206,1239,25,1553,88810,2015,Fort Bend County
NEEDVILLE PD,0,3,1,4,1,26,1,36,3087,2015,Fort Bend County
FORT BEND CO SO,8,69,130,623,1134,2851,248,5063,438341,2015,Fort Bend County
ROSENBERG PD,4,19,24,58,146,377,41,669,35238,2015,Fort Bend County
FORT BEND ISD PD,0,1,4,9,8,431,0,453,0,2015,Fort Bend County
MISSOURI CITY PD,1,25,59,63,230,930,108,1416,72879,2015,Fort Bend County
STAFFORD PD,0,10,26,47,98,518,63,762,18492,2015,Fort Bend County
RICHMOND PD,0,9,8,24,53,226,13,333,12121,2015,Fort Bend County
FULSHEAR PD,0,0,1,5,11,61,1,79,5000,2015,Fort Bend County
COLLEGE OF THE MAINLAND PD (NR),0,0,0,0,0,8,0,8,0,2015,Galveston County
LA MARQUE PD,4,14,22,47,157,527,35,806,15768,2015,Galveston County
KEMAH PD,0,1,5,1,11,156,3,177,2008,2015,Galveston County
UNIV OF TX: MEDICAL BRANCH PD,0,0,0,0,0,109,5,114,0,2015,Galveston County
GALVESTON CO SO,3,29,21,72,275,678,93,1171,39877,2015,Galveston County
GALVESTON PD,2,61,76,85,335,1296,187,2042,50065,2015,Galveston County
SANTA FE ISD PD,0,0,0,0,1,18,0,19,0,2015,Galveston County
GALVESTON ISD PD,0,0,0,4,3,11,0,18,0,2015,Galveston County
HITCHCOCK PD,0,1,2,12,41,93,20,169,7558,2015,Galveston County
DICKINSON PD,0,10,17,16,104,322,39,508,19810,2015,Galveston County
BAYOU VISTA PD (NR),0,1,0,1,9,13,0,24,1576,2015,Galveston County
FRIENDSWOOD PD,1,17,3,7,60,277,18,383,38851,2015,Galveston County
TX A&M UNIV: GALVESTON PD (NR),0,0,0,1,0,11,0,12,0,2015,Galveston County
JAMAICA BEACH PD,0,0,0,0,5,13,2,20,1041,2015,Galveston County
TEXAS CITY PD,3,19,61,103,233,1142,83,1644,46976,2015,Galveston County
SANTA FE PD,0,14,0,18,47,114,14,207,12982,2015,Galveston County
LEAGUE CITY PD,1,25,25,37,240,1454,73,1855,97172,2015,Galveston County
GRIMES CO SO,0,3,1,15,100,130,14,263,19973,2015,Grimes County
NAVASOTA PD,0,6,4,61,50,156,13,290,7406,2015,Grimes County
UNIV OF ST. THOMAS PD,0,2,0,0,0,7,0,9,0,2015,Harris County
PASADENA ISD PD,0,4,2,3,15,79,7,110,0,2015,Harris County
JACINTO CITY PD,0,1,23,8,53,162,29,276,10870,2015,Harris County
LA PORTE PD,0,27,11,41,95,402,63,639,35336,2015,Harris County
RICE UNIV PD,0,0,3,1,8,194,4,210,0,2015,Harris County
UNIV OF HOUSTON PD,0,4,11,6,42,433,23,519,0,2015,Harris County
SPRING BRANCH ISD PD,0,0,7,3,5,47,1,63,0,2015,Harris County
PORT OF HOUSTON AUTH PD,0,0,0,5,0,20,2,27,0,2015,Harris County
HOUSTON PD,303,986,10278,10427,19859,66634,13560,122047,2275221,2015,Harris County
WEBSTER PD,1,9,12,25,105,552,71,775,11236,2015,Harris County
JERSEY VILLAGE PD,0,1,5,10,71,105,35,227,7975,2015,Harris County
ALIEF ISD PD,0,0,3,65,2,48,8,126,0,2015,Harris County
HUMBLE PD,0,30,60,60,147,1380,165,1842,15734,2015,Harris County
TOMBALL PD,1,5,9,18,24,230,29,316,11435,2015,Harris County
HOUSTON BAPTIST UNIV PD,0,1,1,1,13,32,0,48,0,2015,Harris County
BELLAIRE PD,0,0,15,6,73,195,16,305,18605,2015,Harris County
NASSAU BAY PD,0,3,2,5,16,77,6,109,4132,2015,Harris County
DEER PARK PD,0,7,11,23,80,513,35,669,34131,2015,Harris County
KATY PD,0,17,11,33,63,621,35,780,15969,2015,Harris County
UNIV OF HOUSTON: CLEAR LAKE PD,0,0,0,0,1,18,0,19,0,2015,Harris County
HARRIS CO SO,89,454,3452,5214,9966,29300,6434,54909,1806761,2015,Harris County
BAYTOWN PD,6,34,81,112,483,1967,426,3109,77145,2015,Harris County
HEDWIG VILLAGE PD,0,0,6,0,23,159,9,197,2705,2015,Harris County
TEXAS SOUTHERN UNIV PD,2,1,4,5,49,168,3,232,0,2015,Harris County
WEST UNIVERSITY PLACE PD,0,0,8,1,105,85,7,206,15806,2015,Harris County
KLEIN ISD PD,0,0,4,12,7,48,2,73,0,2015,Harris County
HUMBLE ISD PD,0,2,2,3,0,142,6,155,0,2015,Harris County
ALDINE ISD PD,0,0,6,0,33,68,9,116,0,2015,Harris County
GALENA PARK PD,0,10,8,19,49,129,42,257,11240,2015,Harris County
PASADENA PD,2,70,183,377,724,2994,555,4905,154986,2015,Harris County
SEABROOK PD,0,3,7,13,34,108,16,181,12997,2015,Harris County
UNIV OF  HOUSTON:  DOWNTOWN PD,0,0,1,1,2,42,2,48,0,2015,Harris County
HOUSTON METRO TRANSIT PD,0,0,0,0,0,31,8,39,0,2015,Harris County
MEMORIAL VILLAGES PD,0,0,3,3,27,58,1,92,12150,2015,Harris County
SOUTH HOUSTON PD,0,2,40,36,96,315,144,633,17667,2015,Harris County
SPRING VALLEY VILLAGE PD,0,0,4,1,17,83,5,110,4251,2015,Harris County
KATY ISD PD,0,1,1,5,5,268,0,280,0,2015,Harris County
LAKEVIEW PD,0,0,0,10,9,17,2,38,6468,2015,Harris County
HOUSTON COMM COLLEGE PD,0,2,5,2,20,133,11,173,0,2015,Harris County
SOUTHSIDE PLACE PD,0,0,1,3,2,10,0,16,1844,2015,Harris County
SPRING ISD PD,0,2,6,29,6,122,4,169,0,2015,Harris County
UNIV OF TX: HOUSTON  PD,0,3,5,13,21,288,2,332,0,2015,Harris County
DAYTON PD,1,3,4,10,22,130,22,192,7516,2015,Liberty County
CLEVELAND PD (NR),1,11,8,76,79,569,50,794,7761,2015,Liberty County
LIBERTY PD,1,2,4,31,64,247,22,371,9050,2015,Liberty County
LIBERTY CO SO,4,30,11,124,233,401,79,882,54555,2015,Liberty County
MATAGORDA CO SO,0,6,4,32,103,184,8,337,14605,2015,Matagorda County
BAY CITY ISD PD,0,0,0,0,1,12,0,13,0,2015,Matagorda County
PALACIOS PD,0,0,1,3,34,97,4,139,4638,2015,Matagorda County
BAY CITY PD,1,8,15,35,189,520,5,773,17305,2015,Matagorda County
OAK RIDGE NORTH PD,0,0,2,3,8,44,3,60,3186,2015,Montgomery County
STAGECOACH PD (NR),0,0,0,0,1,1,0,2,587,2015,Montgomery County
WOODBRANCH PD (CB),0,0,0,1,2,2,1,6,1384,2015,Montgomery County
MONTGOMERY CO SO,6,207,125,483,1356,3706,593,6476,441523,2015,Montgomery County
WILLIS PD,0,7,7,67,36,109,19,245,6375,2015,Montgomery County
MONTGOMERY PD,0,0,1,2,2,5,0,10,733,2015,Montgomery County
SPLENDORA PD,0,1,2,6,20,20,6,55,1694,2015,Montgomery County
MAGNOLIA PD,0,0,1,6,12,29,6,54,1728,2015,Montgomery County
CONROE ISD PD,0,0,0,21,1,131,0,153,0,2015,Montgomery County
CONROE PD,1,36,60,112,355,1746,142,2452,68197,2015,Montgomery County
ROMAN FOREST PD,0,1,0,2,3,9,1,16,1882,2015,Montgomery County
PATTON VILLAGE PD,0,0,1,9,9,14,5,38,1632,2015,Montgomery County
SHENANDOAH PD,0,0,7,5,24,202,12,250,2811,2015,Montgomery County
LIVINGSTON PD,0,1,2,31,25,173,13,245,5129,2015,Polk County
CORRIGAN PD,1,1,3,1,13,20,2,41,1525,2015,Polk County
POLK CO SO,1,28,3,49,173,304,47,605,37978,2015,Polk County
ONALASKA PD,0,1,0,15,16,11,4,47,1708,2015,Polk County
SAN JACINTO CO SO,0,29,3,37,195,198,73,535,27326,2015,San Jacinto County
HUNTSVILLE PD,2,32,33,117,153,656,59,1052,40866,2015,Walker County
WALKER CO SO,1,19,3,55,133,153,23,387,29475,2015,Walker County
BROOKSHIRE PD,0,2,2,12,16,34,6,72,5004,2015,Waller County
WALLER CO SO,2,18,2,36,94,159,29,340,26145,2015,Waller County
HEMPSTEAD PD,0,4,15,100,37,201,1,358,6941,2015,Waller County
WALLER PD,0,0,3,7,14,79,7,110,2483,2015,Waller County
PRAIRIE VIEW PD,2,2,8,14,19,25,6,76,6360,2015,Waller County
BRENHAM PD,0,11,11,24,78,291,22,437,16436,2015,Washington County
WASHINGTON CO SO,0,5,4,31,67,67,9,183,18252,2015,Washington County
WHARTON CO SO,1,13,3,49,115,213,28,422,21033,2015,Wharton County
WHARTON PD,0,0,8,35,68,351,9,471,8618,2015,Wharton County
EL CAMPO PD,0,7,3,30,54,228,16,338,11570,2015,Wharton County
BELLVILLE PD,0,3,2,4,10,59,2,80,4296,2016,Austin County
SEALY ISD PD,0,0,0,0,0,4,0,4,0,2016,Austin County
AUSTIN CO SO,0,3,3,20,52,65,22,165,17650,2016,Austin County
WALLIS PD,0,0,0,4,6,4,1,15,1303,2016,Austin County
SEALY PD,0,0,6,15,68,107,6,202,6469,2016,Austin County
SURFSIDE BEACH PD,0,0,0,3,9,9,2,23,557,2016,Brazoria County
DANBURY PD (NR),0,1,0,1,2,0,0,4,1788,2016,Brazoria County
ANGLETON ISD PD,0,0,0,7,0,60,1,68,0,2016,Brazoria County
ALVIN COMM COLLEGE PD,0,0,0,0,1,22,0,23,0,2016,Brazoria County
OYSTER CREEK PD,0,1,0,18,9,22,3,53,1136,2016,Brazoria County
SWEENY PD,0,5,2,4,21,91,6,129,3780,2016,Brazoria County
WEST COLUMBIA PD,0,4,1,11,23,58,1,98,3941,2016,Brazoria County
MANVEL PD,0,0,1,3,41,63,4,112,8645,2016,Brazoria County
ANGLETON PD,0,14,16,28,69,287,16,430,19546,2016,Brazoria County
COLUMBIA-BRAZORIA ISD PD,0,0,0,1,0,13,0,14,0,2016,Brazoria County
BRAZOSPORT ISD PD,0,0,1,0,2,18,2,23,0,2016,Brazoria County
PEARLAND PD,1,39,62,97,254,1693,111,2257,112814,2016,Brazoria County
BRAZORIA CO SO,5,8,36,124,270,679,130,1252,117725,2016,Brazoria County
ALVIN PD,0,17,10,29,86,495,64,701,26100,2016,Brazoria County
ALVIN ISD PD,0,0,0,10,3,129,0,142,0,2016,Brazoria County
CLUTE PD,1,1,5,9,47,138,10,211,11490,2016,Brazoria County
RICHWOOD PD,0,0,0,3,5,27,2,37,3895,2016,Brazoria County
BROOKSIDE VILLAGE PD (NR),0,0,0,0,0,0,0,0,1577,2016,Brazoria County
FREEPORT PD,0,2,6,22,75,238,15,358,12175,2016,Brazoria County
JONES CREEK PD (NR),0,0,0,0,5,17,1,23,2076,2016,Brazoria County
LAKE JACKSON PD,1,15,15,23,63,350,30,497,27676,2016,Brazoria County
BRAZORIA PD,0,3,0,2,11,34,6,56,3082,2016,Brazoria County
BRYAN PD,1,59,96,264,511,1899,142,2972,83286,2016,Brazos County
COLLEGE STATION PD,3,52,50,140,342,1840,108,2535,110785,2016,Brazos County
BRAZOS CO SO,1,10,2,67,90,206,24,400,24415,2016,Brazos County
TX A&M UNIV: COLLEGE STATION PD,0,8,3,3,29,409,14,466,0,2016,Brazos County
CHAMBERS CO SO,3,17,12,102,137,523,46,840,29762,2016,Chambers County
MONT BELVIEU PD,0,2,6,7,12,73,29,129,5482,2016,Chambers County
BARBERS HILL ISD PD,0,0,0,0,0,25,1,26,0,2016,Chambers County
MEADOWS PLACE PD,2,1,3,2,22,82,11,123,4781,2016,Fort Bend County
ARCOLA PD,0,0,0,1,1,1,2,5,1679,2016,Fort Bend County
SUGAR LAND PD,0,16,43,18,250,1162,48,1537,90088,2016,Fort Bend County
NEEDVILLE PD,0,1,0,2,8,12,0,23,3088,2016,Fort Bend County
MISSOURI CITY PD,3,22,56,63,216,953,94,1407,75607,2016,Fort Bend County
FORT BEND ISD PD,0,2,4,3,4,252,0,265,0,2016,Fort Bend County
ROSENBERG PD,2,19,21,65,160,396,62,725,36360,2016,Fort Bend County
FORT BEND CO SO,18,83,141,516,1149,3006,264,5177,451651,2016,Fort Bend County
STAFFORD PD,2,13,35,46,113,548,52,809,18602,2016,Fort Bend County
FULSHEAR PD,0,0,0,2,16,38,1,57,8237,2016,Fort Bend County
RICHMOND PD,2,0,10,31,59,193,15,310,12245,2016,Fort Bend County
LA MARQUE PD,4,10,21,88,172,619,54,968,16191,2016,Galveston County
COLLEGE OF THE MAINLAND PD (NR),0,0,0,0,2,16,1,19,0,2016,Galveston County
UNIV OF TX: MEDICAL BRANCH PD,0,0,1,3,4,106,1,115,0,2016,Galveston County
KEMAH PD,0,1,4,2,11,141,7,166,2028,2016,Galveston County
GALVESTON CO SO,1,23,22,95,292,620,95,1148,39322,2016,Galveston County
GALVESTON PD,6,60,77,101,331,1244,196,2015,50667,2016,Galveston County
SANTA FE ISD PD,0,1,0,0,2,17,0,20,0,2016,Galveston County
GALVESTON ISD PD,0,0,0,2,2,31,1,36,0,2016,Galveston County
HITCHCOCK PD,1,3,5,18,59,136,11,233,7753,2016,Galveston County
BAYOU VISTA PD (NR),0,0,0,0,4,10,1,15,1603,2016,Galveston County
DICKINSON PD,0,24,16,31,77,307,46,501,20131,2016,Galveston County
FRIENDSWOOD PD,0,11,6,10,36,250,16,329,39402,2016,Galveston County
TX A&M UNIV: GALVESTON PD (NR),0,3,0,0,1,11,2,17,0,2016,Galveston County
JAMAICA BEACH PD,0,0,1,0,2,10,3,16,1059,2016,Galveston County
TEXAS CITY PD,2,33,63,151,324,1349,86,2008,48095,2016,Galveston County
SANTA FE PD,0,10,3,10,42,134,20,219,13172,2016,Galveston County
LEAGUE CITY PD,5,35,22,20,256,1589,92,2019,101436,2016,Galveston County
GRIMES CO SO,4,0,4,15,89,141,16,269,20069,2016,Grimes County
NAVASOTA PD,1,5,6,45,57,136,22,272,7545,2016,Grimes County
RICE UNIV PD,0,3,5,1,5,140,2,156,0,2016,Harris County
UNIV OF ST. THOMAS PD,0,0,1,1,5,13,0,20,0,2016,Harris County
HOUSTON ISD PD,0,2,20,62,169,215,17,485,0,2016,Harris County
SPRING BRANCH ISD PD,0,0,2,1,7,38,1,49,0,2016,Harris County
PASADENA ISD PD,0,4,2,3,14,76,4,103,0,2016,Harris County
JACINTO CITY PD,0,0,15,12,48,191,31,297,10825,2016,Harris County
LA PORTE PD,1,11,13,48,97,432,73,675,35410,2016,Harris County
PORT OF HOUSTON AUTH PD,0,0,0,0,0,12,9,21,0,2016,Harris County
UNIV OF HOUSTON PD,0,0,12,6,31,469,17,535,0,2016,Harris County
SHOREACRES PD (NR),0,0,0,3,5,7,0,15,1624,2016,Harris County
HOUSTON PD,301,1210,9962,12487,18488,69630,12738,124816,2334348,2016,Harris County
WEBSTER PD,0,16,26,19,72,699,71,903,11213,2016,Harris County
TOMBALL PD,0,9,13,23,58,289,47,439,11700,2016,Harris County
JERSEY VILLAGE PD,0,2,5,9,33,147,28,224,7954,2016,Harris County
HOUSTON BAPTIST UNIV PD,0,2,2,1,16,58,2,81,0,2016,Harris County
ALIEF ISD PD,0,1,6,38,9,36,6,96,0,2016,Harris County
HUMBLE PD,0,16,64,41,158,1238,171,1688,15770,2016,Harris County
KATY PD,1,10,17,31,90,608,61,818,16589,2016,Harris County
NASSAU BAY PD,0,1,2,1,20,101,19,144,4118,2016,Harris County
BELLAIRE PD,1,0,22,5,84,178,15,305,18859,2016,Harris County
UNIV OF HOUSTON: CLEAR LAKE PD,0,1,0,0,4,26,1,32,0,2016,Harris County
HARRIS CO SO,92,537,3044,5181,9162,29962,6104,54082,1825580,2016,Harris County
DEER PARK PD,0,16,15,34,48,509,35,657,34156,2016,Harris County
BAYTOWN PD,9,25,98,170,525,1960,373,3160,77224,2016,Harris County
TEXAS SOUTHERN UNIV PD,0,1,4,3,22,127,1,158,0,2016,Harris County
HEDWIG VILLAGE PD,0,0,3,0,13,166,4,186,2724,2016,Harris County
HUMBLE ISD PD,0,2,3,7,1,162,4,179,0,2016,Harris County
WEST UNIVERSITY PLACE PD,0,0,7,2,79,48,6,142,15932,2016,Harris County
KLEIN ISD PD,0,1,6,5,7,119,5,143,0,2016,Harris County
PASADENA PD,3,105,211,372,683,2912,413,4699,154648,2016,Harris County
SEABROOK PD,0,5,5,11,24,160,27,232,14091,2016,Harris County
HOUSTON METRO TRANSIT PD,0,0,0,0,0,29,5,34,0,2016,Harris County
MEMORIAL VILLAGES PD,0,0,5,1,26,85,3,120,12282,2016,Harris County
ALDINE ISD PD,0,0,8,0,43,56,3,110,0,2016,Harris County
GALENA PARK PD,0,5,11,25,43,98,21,203,11209,2016,Harris County
UNIV OF  HOUSTON:  DOWNTOWN PD,0,0,0,1,0,36,1,38,0,2016,Harris County
KATY ISD PD,0,19,0,1,8,235,3,266,0,2016,Harris County
SOUTH HOUSTON PD,1,5,34,49,70,286,140,585,17650,2016,Harris County
SPRING VALLEY VILLAGE PD,0,0,0,6,21,119,5,151,4289,2016,Harris County
HOUSTON COMM COLLEGE PD,0,0,0,1,2,132,4,139,0,2016,Harris County
SPRING ISD PD,0,1,10,44,2,89,6,152,0,2016,Harris County
LAKEVIEW PD,0,0,1,1,5,15,2,24,6454,2016,Harris County
UNIV OF TX: HOUSTON  PD,0,1,0,0,23,267,5,296,0,2016,Harris County
SOUTHSIDE PLACE PD,0,0,1,0,1,25,1,28,1859,2016,Harris County
DAYTON PD,1,6,3,22,32,178,30,272,7638,2016,Liberty County
CLEVELAND PD (NR),1,3,16,51,57,340,48,516,7893,2016,Liberty County
LIBERTY PD,0,6,1,30,36,274,19,366,9169,2016,Liberty County
LIBERTY CO SO,2,36,4,124,256,348,81,851,55509,2016,Liberty County
MATAGORDA CO SO,1,9,6,49,126,192,18,401,14462,2016,Matagorda County
BAY CITY ISD PD,0,0,0,0,2,5,0,7,0,2016,Matagorda County
PALACIOS PD,0,4,0,9,39,88,9,149,4617,2016,Matagorda County
BAY CITY PD,1,9,12,35,152,593,4,806,17595,2016,Matagorda County
OAK RIDGE NORTH PD,0,0,1,3,7,66,3,80,3181,2016,Montgomery County
STAGECOACH PD (NR),0,0,0,0,0,0,0,0,589,2016,Montgomery County
MONTGOMERY PD,0,1,0,3,8,14,0,26,849,2016,Montgomery County
WILLIS PD,0,7,13,31,42,125,14,232,6401,2016,Montgomery County
WOODBRANCH PD (CB),0,0,0,0,1,3,0,4,1396,2016,Montgomery County
MONTGOMERY CO SO,10,52,90,379,1011,3480,491,5513,453685,2016,Montgomery County
MAGNOLIA PD,0,0,4,1,17,17,4,43,1932,2016,Montgomery County
SPLENDORA PD,0,0,0,3,9,14,5,31,1697,2016,Montgomery County
CONROE ISD PD,0,5,0,10,15,118,0,148,0,2016,Montgomery County
CONROE PD,1,43,87,125,380,1673,189,2498,71111,2016,Montgomery County
PATTON VILLAGE PD,0,0,0,3,3,6,3,15,1632,2016,Montgomery County
ROMAN FOREST PD,0,0,0,0,2,9,2,13,1910,2016,Montgomery County
SHENANDOAH PD,1,0,5,0,14,250,13,283,2914,2016,Montgomery County
LIVINGSTON PD,0,6,4,16,22,173,15,236,5140,2016,Polk County
CORRIGAN PD,0,3,0,10,16,17,3,49,1529,2016,Polk County
POLK CO SO,1,31,8,29,221,354,62,706,38699,2016,Polk County
ONALASKA PD,0,0,0,8,10,1,3,22,1770,2016,Polk County
SAN JACINTO CO SO,1,13,4,29,144,170,48,409,27530,2016,San Jacinto County
HUNTSVILLE PD,0,28,26,118,141,560,49,922,41390,2016,Walker County
WALKER CO SO,1,20,6,64,99,130,47,367,29607,2016,Walker County
BROOKSHIRE PD,0,1,6,16,34,28,15,100,5203,2016,Waller County
WALLER CO SO,1,22,1,22,114,205,22,387,26941,2016,Waller County
TX A&M UNIV: PRAIRIE VIEW PD,0,2,0,0,21,0,0,23,0,2016,Waller County
HEMPSTEAD PD,0,10,9,59,37,122,4,241,7403,2016,Waller County
PRAIRIE VIEW PD,0,0,1,6,16,17,1,41,6538,2016,Waller County
WALLER PD,0,0,1,7,19,40,6,73,2559,2016,Waller County
BRENHAM PD,1,13,9,21,92,264,34,434,16736,2016,Washington County
WASHINGTON CO SO,0,5,2,19,68,59,4,157,18137,2016,Washington County
WHARTON CO SO,0,16,2,56,125,159,32,390,21088,2016,Wharton County
WHARTON PD,0,3,9,37,44,377,19,489,8706,2016,Wharton County
EL CAMPO PD,1,4,6,39,48,279,12,389,11604,2016,Wharton County
BELLVILLE PD,0,8,0,5,16,43,0,72,4304,2017,Austin County
SEALY ISD PD,0,0,0,0,1,3,1,5,0,2017,Austin County
AUSTIN CO SO,0,3,1,9,45,64,29,151,17798,2017,Austin County
WALLIS PD,0,0,0,2,1,4,0,7,1306,2017,Austin County
SEALY PD,0,0,4,18,35,69,15,141,6555,2017,Austin County
OYSTER CREEK PD,0,0,1,14,13,27,3,58,1129,2017,Brazoria County
MANVEL PD,1,0,2,6,40,59,9,117,9756,2017,Brazoria County
SWEENY PD,0,2,0,13,13,77,2,107,3773,2017,Brazoria County
WEST COLUMBIA PD,0,7,1,21,8,43,2,82,3938,2017,Brazoria County
DANBURY PD (NR),0,0,0,1,1,0,0,2,1791,2017,Brazoria County
ALVIN COMM COLLEGE PD,0,0,0,0,0,5,0,5,0,2017,Brazoria County
ANGLETON ISD PD,0,2,0,7,2,25,0,36,0,2017,Brazoria County
SURFSIDE BEACH PD,0,0,0,1,4,17,0,22,575,2017,Brazoria County
COLUMBIA-BRAZORIA ISD PD,0,1,0,3,1,6,0,11,0,2017,Brazoria County
BRAZOSPORT ISD PD,0,0,0,25,1,40,1,67,0,2017,Brazoria County
ANGLETON PD,0,12,4,29,46,254,24,369,19596,2017,Brazoria County
PEARLAND PD,2,32,25,96,252,1448,97,1952,117869,2017,Brazoria County
ALVIN PD,1,21,13,14,83,342,60,534,26488,2017,Brazoria County
BRAZORIA CO SO,4,15,27,121,303,684,109,1263,120049,2017,Brazoria County
CLUTE PD,1,1,2,16,43,190,18,271,11649,2017,Brazoria County
ALVIN ISD PD,0,1,0,10,3,146,0,160,0,2017,Brazoria County
RICHWOOD PD,0,1,0,6,9,27,3,46,3965,2017,Brazoria County
BROOKSIDE VILLAGE PD (NR),0,0,0,0,0,0,0,0,1587,2017,Brazoria County
FREEPORT PD,0,4,6,27,43,186,12,278,12170,2017,Brazoria County
JONES CREEK PD (NR),0,0,0,1,4,9,1,15,2070,2017,Brazoria County
LAKE JACKSON PD,1,14,8,22,67,484,24,620,27647,2017,Brazoria County
BRAZORIA PD,0,0,2,4,11,42,5,64,3080,2017,Brazoria County
BRYAN PD,4,53,69,237,348,1557,123,2391,84438,2017,Brazos County
COLLEGE STATION PD,1,53,49,127,300,1887,117,2534,115357,2017,Brazos County
BRAZOS CO SO,1,8,1,27,73,220,15,345,24805,2017,Brazos County
TX A&M UNIV: COLLEGE STATION PD,0,10,1,8,31,347,12,409,0,2017,Brazos County
CHAMBERS CO SO,0,19,16,58,130,437,0,660,30576,2017,Chambers County
MONT BELVIEU PD,0,7,0,4,17,107,17,152,5913,2017,Chambers County
BARBERS HILL ISD PD,0,0,0,1,0,7,0,8,0,2017,Chambers County
ARCOLA PD,0,0,0,1,2,0,0,3,2315,2017,Fort Bend County
MEADOWS PLACE PD,0,0,1,3,18,106,12,140,4745,2017,Fort Bend County
NEEDVILLE PD,0,1,0,4,3,15,2,25,3101,2017,Fort Bend County
SUGAR LAND PD,0,15,36,20,158,1075,56,1360,89790,2017,Fort Bend County
FORT BEND ISD PD,0,0,7,49,8,321,3,388,0,2017,Fort Bend County
MISSOURI CITY PD,2,23,46,78,133,767,69,1118,75863,2017,Fort Bend County
ROSENBERG PD,1,29,36,60,119,378,59,682,37822,2017,Fort Bend County
FORT BEND CO SO,9,105,146,559,723,3049,246,4837,476115,2017,Fort Bend County
STAFFORD PD,1,7,41,72,118,656,54,949,18530,2017,Fort Bend County
FULSHEAR PD,0,0,1,5,5,48,2,61,8350,2017,Fort Bend County
RICHMOND PD,0,6,13,23,45,157,9,253,12174,2017,Fort Bend County
LA MARQUE PD,6,19,14,51,112,576,64,842,16796,2017,Galveston County
COLLEGE OF THE MAINLAND PD (NR),0,0,0,0,1,12,0,13,0,2017,Galveston County
KEMAH PD,0,0,6,1,8,143,6,164,2037,2017,Galveston County
UNIV OF TX: MEDICAL BRANCH PD,0,0,0,0,0,81,1,82,0,2017,Galveston County
GALVESTON PD,2,63,82,110,275,1231,284,2047,51021,2017,Galveston County
GALVESTON CO SO,2,19,16,96,281,536,84,1034,40841,2017,Galveston County
GALVESTON ISD PD,0,0,1,6,3,29,0,39,0,2017,Galveston County
SANTA FE ISD PD,0,0,0,0,0,20,0,20,0,2017,Galveston County
HITCHCOCK PD,0,2,0,12,39,128,21,202,7949,2017,Galveston County
DICKINSON PD,0,16,10,22,131,305,47,531,20303,2017,Galveston County
BAYOU VISTA PD (NR),0,0,0,0,1,4,0,5,1625,2017,Galveston County
FRIENDSWOOD PD,0,16,11,9,57,247,17,357,39990,2017,Galveston County
TX A&M UNIV: GALVESTON PD (NR),0,0,0,0,2,14,0,16,0,2017,Galveston County
TEXAS CITY PD,2,47,46,142,336,1245,123,1941,48774,2017,Galveston County
LEAGUE CITY PD,3,34,18,42,218,1407,93,1815,105351,2017,Galveston County
SANTA FE PD,0,3,3,6,42,119,18,191,13347,2017,Galveston County
JAMAICA BEACH PD,0,1,0,0,7,11,1,20,1078,2017,Galveston County
GRIMES CO SO,3,0,5,19,56,85,8,176,20218,2017,Grimes County
NAVASOTA PD,2,7,4,17,51,95,14,190,7604,2017,Grimes County
SHOREACRES PD (NR),0,0,0,0,2,7,0,9,1617,2017,Harris County
UNIV OF ST. THOMAS PD,0,0,0,0,0,25,0,25,0,2017,Harris County
SPRING BRANCH ISD PD,0,0,2,2,5,34,1,44,0,2017,Harris County
HOUSTON ISD PD,0,2,12,23,33,141,5,216,0,2017,Harris County
RICE UNIV PD,0,0,2,3,3,183,1,192,0,2017,Harris County
UNIV OF HOUSTON PD,0,10,10,5,32,383,25,465,0,2017,Harris County
PASADENA ISD PD,0,2,0,2,9,61,4,78,0,2017,Harris County
PORT OF HOUSTON AUTH PD,0,0,0,2,0,30,3,35,0,2017,Harris County
JACINTO CITY PD,0,0,11,7,30,189,35,272,10718,2017,Harris County
LA PORTE PD,0,20,16,67,77,401,49,630,35293,2017,Harris County
ALIEF ISD PD,0,0,25,64,8,55,11,163,0,2017,Harris County
HOUSTON PD,269,1366,9773,14201,17108,67828,11596,122141,2338235,2017,Harris County
WEBSTER PD,0,18,23,16,123,640,81,901,11149,2017,Harris County
TOMBALL PD,1,7,7,16,34,238,39,342,11807,2017,Harris County
JERSEY VILLAGE PD,0,1,6,7,41,103,32,190,7938,2017,Harris County
HUMBLE PD,1,36,61,49,136,1209,176,1668,15631,2017,Harris County
HOUSTON BAPTIST UNIV PD,0,0,2,0,11,28,1,42,0,2017,Harris County
NASSAU BAY PD,1,1,4,0,23,84,8,121,4073,2017,Harris County
KATY PD,0,12,12,29,58,496,30,637,17669,2017,Harris County
BELLAIRE PD,0,4,20,2,45,244,12,327,18892,2017,Harris County
UNIV OF HOUSTON: CLEAR LAKE PD,0,2,0,0,0,23,1,26,0,2017,Harris County
HARRIS CO SO,92,533,2906,5463,8057,29396,5441,51888,1878832,2017,Harris County
BAYTOWN PD,6,38,108,136,506,1846,326,2966,76704,2017,Harris County
DEER PARK PD,0,12,3,23,70,396,34,538,34069,2017,Harris County
TEXAS SOUTHERN UNIV PD,0,5,4,1,13,148,1,172,0,2017,Harris County
HEDWIG VILLAGE PD,1,0,4,1,9,177,6,198,2681,2017,Harris County
HUMBLE ISD PD,0,1,2,4,2,97,3,109,0,2017,Harris County
WEST UNIVERSITY PLACE PD,0,0,9,1,44,89,4,147,15676,2017,Harris County
KLEIN ISD PD,0,2,5,3,2,116,5,133,0,2017,Harris County
PASADENA PD,5,93,195,418,636,2758,379,4484,154000,2017,Harris County
SEABROOK PD,0,4,8,11,34,94,14,165,13958,2017,Harris County
GALENA PARK PD,0,2,5,16,26,87,16,152,11091,2017,Harris County
HOUSTON METRO TRANSIT PD,0,0,1,2,0,29,5,37,0,2017,Harris County
MEMORIAL VILLAGES PD,0,0,1,0,10,75,0,86,12319,2017,Harris County
ALDINE ISD PD,0,0,5,7,31,97,9,149,0,2017,Harris County
UNIV OF  HOUSTON:  DOWNTOWN PD,0,0,0,0,1,35,4,40,0,2017,Harris County
SPRING VALLEY VILLAGE PD,0,0,2,2,4,64,4,76,4312,2017,Harris County
SOUTH HOUSTON PD,0,3,25,29,73,284,106,520,17537,2017,Harris County
KATY ISD PD,0,4,2,1,8,266,0,281,0,2017,Harris County
SPRING ISD PD,0,5,5,40,1,55,2,108,0,2017,Harris County
HOUSTON COMM COLLEGE PD,0,1,8,1,11,149,16,186,0,2017,Harris County
SOUTHSIDE PLACE PD,0,0,1,1,3,20,0,25,1857,2017,Harris County
LAKEVIEW PD,0,1,0,4,9,38,6,58,6410,2017,Harris County
UNIV OF TX: HOUSTON  PD,0,1,0,1,20,250,5,277,0,2017,Harris County
DAYTON PD,0,2,8,19,33,142,20,224,7815,2017,Liberty County
CLEVELAND PD (NR),0,4,9,41,27,208,30,319,8183,2017,Liberty County
LIBERTY PD,0,11,5,36,35,181,12,280,9308,2017,Liberty County
MATAGORDA CO SO,0,6,6,59,73,220,13,377,14712,2017,Matagorda County
BAY CITY ISD PD,0,0,3,1,4,6,0,14,0,2017,Matagorda County
PALACIOS PD,0,0,2,5,40,78,3,128,4676,2017,Matagorda County
BAY CITY PD,3,10,23,59,154,422,11,682,17842,2017,Matagorda County
OAK RIDGE NORTH PD,0,0,2,0,1,18,2,23,3184,2017,Montgomery County
STAGECOACH PD (NR),0,0,0,0,0,0,0,0,612,2017,Montgomery County
MONTGOMERY PD,0,1,0,0,1,7,0,9,985,2017,Montgomery County
WILLIS PD,0,8,9,25,27,123,11,203,6450,2017,Montgomery County
MONTGOMERY CO SO,17,72,88,357,731,3014,506,4785,458006,2017,Montgomery County
WOODBRANCH PD (CB),0,0,0,0,3,4,0,7,1396,2017,Montgomery County
MAGNOLIA PD,0,0,1,0,9,15,2,27,2107,2017,Montgomery County
SPLENDORA PD,0,0,0,2,7,5,4,18,2026,2017,Montgomery County
CONROE ISD PD,0,12,1,11,7,137,2,170,0,2017,Montgomery County
CONROE PD,4,59,65,126,277,1489,177,2197,85534,2017,Montgomery County
PATTON VILLAGE PD,1,0,0,2,7,23,7,40,1953,2017,Montgomery County
ROMAN FOREST PD,0,0,0,0,4,6,2,12,1927,2017,Montgomery County
SHENANDOAH PD,0,3,6,5,14,189,27,244,3019,2017,Montgomery County
LIVINGSTON PD,0,3,1,20,34,177,7,242,5107,2017,Polk County
CORRIGAN PD,0,0,1,10,8,15,4,38,1586,2017,Polk County
POLK CO SO,5,38,3,34,179,351,52,662,39062,2017,Polk County
ONALASKA PD,0,1,0,8,5,5,3,22,2529,2017,Polk County
SAN JACINTO CO SO,0,27,3,26,195,198,73,522,27895,2017,San Jacinto County
HUNTSVILLE PD,1,24,24,113,102,490,86,840,41634,2017,Walker County
WALKER CO SO,3,24,7,39,91,85,32,281,30336,2017,Walker County
WALLER CO SO,1,17,4,11,93,174,28,328,27654,2017,Waller County
BROOKSHIRE PD,0,2,3,14,17,33,12,81,5323,2017,Waller County
TX A&M UNIV: PRAIRIE VIEW PD,0,7,2,3,27,30,0,69,0,2017,Waller County
HEMPSTEAD PD,0,6,5,65,49,112,7,244,7774,2017,Waller County
WALLER PD,0,1,1,5,13,42,5,67,2847,2017,Waller County
PRAIRIE VIEW PD,1,0,1,10,11,13,1,37,6597,2017,Waller County
BRENHAM PD,1,7,3,115,61,200,23,410,17187,2017,Washington County
WASHINGTON CO SO,1,3,1,21,67,75,13,181,18061,2017,Washington County
WHARTON PD,0,1,14,36,54,226,6,337,8769,2017,Wharton County
WHARTON CO SO,1,12,7,58,87,161,37,363,21211,2017,Wharton County
EL CAMPO PD,1,3,2,33,69,259,19,386,11782,2017,Wharton County
BELLVILLE PD,0,3,0,10,5,43,5,66,4257,2018,Austin County
SEALY ISD PD,0,0,0,0,0,0,0,0,0,2018,Austin County
AUSTIN CO SO,0,6,0,8,48,36,16,114,17807,2018,Austin County
WALLIS PD,0,0,0,5,1,4,0,10,1304,2018,Austin County
SEALY PD,0,2,3,9,28,55,8,105,6544,2018,Austin County
SWEENY PD,0,5,1,2,10,69,4,91,3753,2018,Brazoria County
WEST COLUMBIA PD,0,2,0,5,23,69,4,103,3899,2018,Brazoria County
OYSTER CREEK PD,0,0,1,15,6,16,5,43,1163,2018,Brazoria County
MANVEL PD,0,3,0,9,32,36,6,86,11097,2018,Brazoria County
DANBURY PD (NR),1,0,0,1,0,0,0,2,1777,2018,Brazoria County
SURFSIDE BEACH PD,0,2,1,3,7,25,1,39,582,2018,Brazoria County
ALVIN COMM COLLEGE PD,0,0,0,0,0,5,0,5,0,2018,Brazoria County
ANGLETON ISD PD,0,2,0,7,4,18,0,31,0,2018,Brazoria County
ANGLETON PD,0,6,2,24,45,173,23,273,19650,2018,Brazoria County
COLUMBIA-BRAZORIA ISD PD,0,0,0,0,0,2,0,2,0,2018,Brazoria County
BRAZOSPORT ISD PD,0,1,0,13,0,18,0,32,0,2018,Brazoria County
PEARLAND PD,2,21,32,67,215,1534,94,1965,124179,2018,Brazoria County
ALVIN PD,1,17,11,28,48,370,49,524,26798,2018,Brazoria County
BRAZORIA CO SO,0,20,35,116,251,838,137,1397,120066,2018,Brazoria County
CLUTE PD,0,20,8,11,41,226,23,329,11695,2018,Brazoria County
ALVIN ISD PD,0,3,2,7,6,148,0,166,0,2018,Brazoria County
RICHWOOD PD,0,2,2,0,7,24,4,39,3967,2018,Brazoria County
FREEPORT PD,0,5,1,43,24,136,0,209,12185,2018,Brazoria County
JONES CREEK PD (NR),0,0,1,0,9,17,1,28,2099,2018,Brazoria County
LAKE JACKSON PD,0,21,7,22,61,459,33,603,27568,2018,Brazoria County
BRAZORIA PD,0,1,3,4,11,58,6,83,3109,2018,Brazoria County
COLLEGE STATION PD,1,76,30,130,285,1988,149,2659,116565,2018,Brazos County
BRYAN PD,2,55,53,222,373,1561,139,2405,85152,2018,Brazos County
BRAZOS CO SO,1,9,0,37,75,199,31,352,24658,2018,Brazos County
TX A&M UNIV: COLLEGE STATION PD,0,10,0,6,51,339,11,417,0,2018,Brazos County
CHAMBERS CO SO,3,4,10,40,111,436,72,676,31682,2018,Chambers County
MONT BELVIEU PD,0,2,0,4,15,75,13,109,6301,2018,Chambers County
BARBERS HILL ISD PD,0,0,0,0,0,2,0,2,0,2018,Chambers County
ARCOLA PD,0,0,2,0,1,6,3,12,2444,2018,Fort Bend County
MEADOWS PLACE PD,0,1,7,4,16,85,10,123,4621,2018,Fort Bend County
NEEDVILLE PD,0,1,0,3,2,14,2,22,3083,2018,Fort Bend County
SUGAR LAND PD,0,15,45,22,186,1288,63,1619,89919,2018,Fort Bend County
FORT BEND CO SO,6,119,144,552,593,3156,209,4779,493696,2018,Fort Bend County
FORT BEND ISD PD,0,0,0,112,1,233,0,346,0,2018,Fort Bend County
MISSOURI CITY PD,5,21,27,49,96,674,45,917,75628,2018,Fort Bend County
ROSENBERG PD,1,25,26,98,97,442,63,752,38541,2018,Fort Bend County
FULSHEAR PD,0,0,0,2,2,60,0,64,13790,2018,Fort Bend County
RICHMOND PD,1,9,7,29,58,187,10,301,12130,2018,Fort Bend County
STAFFORD PD,1,18,23,58,95,473,53,721,18393,2018,Fort Bend County
LA MARQUE PD,1,6,24,42,129,729,46,977,17107,2018,Galveston County
COLLEGE OF THE MAINLAND PD (NR),0,0,0,0,1,4,0,5,0,2018,Galveston County
UNIV OF TX: MEDICAL BRANCH PD,0,0,0,0,2,76,1,79,0,2018,Galveston County
KEMAH PD,0,2,1,2,15,109,15,144,2060,2018,Galveston County
GALVESTON PD,7,82,70,106,176,1110,253,1804,50896,2018,Galveston County
GALVESTON CO SO,1,14,16,97,196,428,69,821,41507,2018,Galveston County
GALVESTON ISD PD,0,0,0,10,0,14,0,24,0,2018,Galveston County
SANTA FE ISD PD,10,1,0,27,0,11,0,49,0,2018,Galveston County
HITCHCOCK PD,0,0,8,18,51,97,11,185,8038,2018,Galveston County
BAYOU VISTA PD (NR),0,0,0,0,1,4,1,6,1637,2018,Galveston County
DICKINSON PD,0,17,10,17,77,298,35,454,20600,2018,Galveston County
FRIENDSWOOD PD,0,16,9,9,62,252,18,366,40419,2018,Galveston County
TX A&M UNIV: GALVESTON PD (NR),0,2,0,0,1,18,0,21,0,2018,Galveston County
TEXAS CITY PD,5,46,62,123,278,1100,111,1725,49044,2018,Galveston County
SANTA FE PD,0,7,4,6,45,108,18,188,13600,2018,Galveston County
LEAGUE CITY PD,1,41,20,47,215,1485,114,1923,108275,2018,Galveston County
JAMAICA BEACH PD,0,0,1,5,1,8,2,17,1088,2018,Galveston County
GRIMES CO SO,0,0,0,8,39,73,10,130,20542,2018,Grimes County
NAVASOTA PD,0,5,3,26,69,66,33,202,7677,2018,Grimes County
PORT OF HOUSTON AUTH PD,0,0,0,0,3,21,1,25,0,2018,Harris County
UNIV OF HOUSTON PD,0,9,10,7,43,419,19,507,0,2018,Harris County
UNIV OF ST. THOMAS PD,0,0,0,0,3,14,0,17,0,2018,Harris County
RICE UNIV PD,0,0,0,1,6,134,3,144,0,2018,Harris County
SPRING BRANCH ISD PD,0,1,1,2,8,40,3,55,0,2018,Harris County
HOUSTON ISD PD,0,40,16,27,59,265,20,427,0,2018,Harris County
PASADENA ISD PD,0,0,3,2,7,50,3,65,0,2018,Harris County
JACINTO CITY PD,0,0,9,8,38,152,42,249,10675,2018,Harris County
LA PORTE PD,2,21,10,32,71,334,52,522,35591,2018,Harris County
SHOREACRES PD (NR),0,0,0,0,4,6,1,11,1624,2018,Harris County
HOUSTON BAPTIST UNIV PD,0,0,1,0,23,16,1,41,0,2018,Harris County
HUMBLE PD,2,44,55,44,155,1202,205,1707,16122,2018,Harris County
WEBSTER PD,0,12,16,19,84,594,96,821,11194,2018,Harris County
HOUSTON PD,281,1342,8779,13802,16060,65885,11968,118117,2344966,2018,Harris County
TOMBALL PD,0,1,2,2,4,13,2,24,11855,2018,Harris County
ALIEF ISD PD,0,0,6,39,4,44,7,100,0,2018,Harris County
JERSEY VILLAGE PD,0,0,3,4,32,109,26,174,7974,2018,Harris County
BELLAIRE PD,0,4,13,9,58,191,16,291,19076,2018,Harris County
BAYTOWN PD,2,35,94,171,384,2028,499,3213,77539,2018,Harris County
KATY PD,0,18,14,18,38,496,29,613,18965,2018,Harris County
NASSAU BAY PD,0,4,5,7,10,84,8,118,4058,2018,Harris County
UNIV OF HOUSTON: CLEAR LAKE PD,0,0,0,0,1,20,0,21,0,2018,Harris County
HARRIS CO SO,86,591,2271,6260,7640,28113,5955,50916,1919494,2018,Harris County
DEER PARK PD,0,7,5,18,63,384,45,522,34155,2018,Harris County
TEXAS SOUTHERN UNIV PD,0,4,9,3,9,120,2,147,0,2018,Harris County
HEDWIG VILLAGE PD,0,0,1,4,7,128,8,148,2685,2018,Harris County
WEST UNIVERSITY PLACE PD,0,1,1,0,35,71,5,113,15759,2018,Harris County
KLEIN ISD PD,0,5,0,4,2,113,3,127,0,2018,Harris County
HUMBLE ISD PD,0,1,1,5,0,47,1,55,0,2018,Harris County
ALDINE ISD PD,0,0,4,7,15,63,3,92,0,2018,Harris County
GALENA PARK PD,2,4,6,17,37,102,17,185,11000,2018,Harris County
SAN JACINTO COLLEGE PD,0,0,0,0,4,45,7,56,0,2018,Harris County
HOUSTON METRO TRANSIT PD,0,1,1,2,0,39,16,59,0,2018,Harris County
MEMORIAL VILLAGES PD,0,0,2,2,15,54,3,76,12402,2018,Harris County
PASADENA PD,7,109,159,404,519,2603,345,4146,154101,2018,Harris County
SEABROOK PD,0,12,2,11,34,98,12,169,13958,2018,Harris County
UNIV OF  HOUSTON:  DOWNTOWN PD,0,0,0,2,0,15,0,17,0,2018,Harris County
KATY ISD PD,0,10,5,4,1,228,0,248,0,2018,Harris County
SOUTH HOUSTON PD,1,7,35,31,75,247,106,502,17619,2018,Harris County
SPRING VALLEY VILLAGE PD,0,0,1,2,11,57,5,76,4363,2018,Harris County
UNIV OF TX: HOUSTON  PD,0,6,5,7,12,290,2,322,0,2018,Harris County
SOUTHSIDE PLACE PD,0,0,0,0,2,13,1,16,1874,2018,Harris County
HOUSTON COMM COLLEGE PD,0,0,6,2,8,125,16,157,0,2018,Harris County
SPRING ISD PD,0,3,1,50,2,42,5,103,0,2018,Harris County
LAKEVIEW PD,0,2,1,3,8,41,5,60,6388,2018,Harris County
LIBERTY CO SO,2,46,4,125,237,333,98,845,59062,2018,Liberty County
DAYTON PD,0,2,11,11,32,174,30,260,8070,2018,Liberty County
CLEVELAND PD (NR),0,0,5,32,43,275,29,384,8171,2018,Liberty County
LIBERTY PD,0,5,4,24,21,145,18,217,9334,2018,Liberty County
MATAGORDA CO SO,2,7,2,46,96,184,26,363,14605,2018,Matagorda County
BAY CITY ISD PD,0,0,0,10,0,3,0,13,0,2018,Matagorda County
PALACIOS PD,0,1,2,9,41,54,3,110,4634,2018,Matagorda County
BAY CITY PD,3,13,18,45,129,561,18,787,17517,2018,Matagorda County
OAK RIDGE NORTH PD,0,0,1,1,5,25,5,37,3143,2018,Montgomery County
WILLIS PD,0,7,6,27,25,101,15,181,6515,2018,Montgomery County
MONTGOMERY PD,0,0,0,4,2,6,0,12,1034,2018,Montgomery County
WOODBRANCH PD (CB),0,0,0,0,1,0,0,1,1379,2018,Montgomery County
MONTGOMERY CO SO,10,107,132,598,979,3421,518,5765,469874,2018,Montgomery County
MAGNOLIA PD,0,0,1,2,4,13,1,21,2143,2018,Montgomery County
SPLENDORA PD,0,0,2,2,21,16,7,48,2109,2018,Montgomery County
CONROE ISD PD,0,18,2,6,5,93,0,124,0,2018,Montgomery County
CONROE PD,3,54,49,119,287,1768,137,2417,87544,2018,Montgomery County
PATTON VILLAGE PD,0,1,0,2,5,7,2,17,2016,2018,Montgomery County
ROMAN FOREST PD,0,1,0,0,0,0,1,2,1968,2018,Montgomery County
SHENANDOAH PD,1,2,4,4,34,200,21,266,3008,2018,Montgomery County
LIVINGSTON PD,0,7,10,22,34,211,16,300,5128,2018,Polk County
CORRIGAN PD,0,0,0,2,4,19,2,27,1581,2018,Polk County
POLK CO SO,1,15,2,52,177,295,43,585,40100,2018,Polk County
ONALASKA PD,0,0,0,8,17,9,4,38,2771,2018,Polk County
SAN JACINTO CO SO,0,16,2,24,144,168,48,402,28457,2018,San Jacinto County
HUNTSVILLE PD,0,18,15,105,102,518,53,811,41651,2018,Walker County
WALKER CO SO,1,21,4,40,79,113,18,276,30980,2018,Walker County
BROOKSHIRE PD,0,2,7,15,10,51,9,94,5346,2018,Waller County
WALLER CO SO,0,35,3,33,93,238,18,420,27910,2018,Waller County
TX A&M UNIV: PRAIRIE VIEW PD,0,9,0,3,15,75,3,105,0,2018,Waller County
HEMPSTEAD PD,0,4,10,76,44,153,8,295,7969,2018,Waller County
PRAIRIE VIEW PD,1,3,1,1,3,18,1,28,6526,2018,Waller County
WALLER PD,0,1,0,1,10,31,2,45,3546,2018,Waller County
BRENHAM PD,0,14,11,40,49,298,20,432,17116,2018,Washington County
WASHINGTON CO SO,0,14,4,23,29,53,8,131,18023,2018,Washington County
WHARTON CO SO,3,15,4,46,66,145,18,297,21432,2018,Wharton County
WHARTON PD,0,0,3,26,60,187,9,285,8754,2018,Wharton County
EL CAMPO PD,0,2,1,39,37,195,12,286,11764,2018,Wharton County
BELLVILLE PD,0,3,1,8,2,38,0,52,4288,2019,Austin County
SEALY ISD PD,0,0,0,0,0,1,0,1,0,2019,Austin County
AUSTIN CO SO,0,2,0,11,40,29,18,100,17806,2019,Austin County
SEALY PD,0,0,2,9,36,73,11,131,6593,2019,Austin County
WALLIS PD,0,0,0,10,2,6,0,18,1322,2019,Austin County
SWEENY PD,0,1,3,4,12,59,1,80,3745,2019,Brazoria County
WEST COLUMBIA PD,0,5,1,6,11,44,9,76,3881,2019,Brazoria County
OYSTER CREEK PD,0,0,0,14,7,19,3,43,1170,2019,Brazoria County
MANVEL PD,0,2,2,9,49,58,11,131,12721,2019,Brazoria County
SURFSIDE BEACH PD,0,1,0,0,3,19,2,25,594,2019,Brazoria County
DANBURY PD (NR),0,0,0,0,3,3,1,7,1779,2019,Brazoria County
ALVIN COMM COLLEGE PD,0,0,0,0,0,0,0,0,0,2019,Brazoria County
ANGLETON ISD PD,0,0,1,8,0,9,0,18,0,2019,Brazoria County
ANGLETON PD,0,15,8,28,39,218,20,328,19660,2019,Brazoria County
COLUMBIA-BRAZORIA ISD PD,0,0,0,3,0,3,0,6,0,2019,Brazoria County
BRAZOSPORT ISD PD,0,1,0,13,1,12,0,27,0,2019,Brazoria County
PEARLAND PD,3,24,46,39,248,1716,105,2181,126206,2019,Brazoria County
ALVIN PD,1,25,12,27,80,513,74,732,27159,2019,Brazoria County
BRAZORIA CO SO,4,13,34,119,306,851,168,1495,120569,2019,Brazoria County
CLUTE PD,0,15,7,26,70,170,31,319,11740,2019,Brazoria County
ALVIN ISD PD,0,1,0,27,2,135,3,168,0,2019,Brazoria County
RICHWOOD PD,0,3,0,0,13,49,7,72,4007,2019,Brazoria County
FREEPORT PD,0,4,5,36,52,205,0,302,12213,2019,Brazoria County
JONES CREEK PD (NR),0,0,1,1,2,11,0,15,2110,2019,Brazoria County
BROOKSIDE VILLAGE PD (NR),0,0,0,0,5,2,3,10,1603,2019,Brazoria County
IOWA COLONY PD,0,1,0,0,8,6,0,15,2024,2019,Brazoria County
LAKE JACKSON PD,2,10,12,33,84,597,22,760,27624,2019,Brazoria County
BRAZORIA PD,0,2,1,7,7,60,12,89,3123,2019,Brazoria County
BRYAN PD,2,90,57,221,336,1444,148,2298,86632,2019,Brazos County
COLLEGE STATION PD,3,69,46,134,379,1503,165,2299,119246,2019,Brazos County
BRAZOS CO SO,0,13,1,15,93,200,13,335,23654,2019,Brazos County
TX A&M UNIV: COLLEGE STATION PD,0,5,3,3,33,354,29,427,0,2019,Brazos County
CHAMBERS CO SO,1,12,8,62,129,404,74,690,32326,2019,Chambers County
MONT BELVIEU PD,0,1,1,5,16,121,31,175,6647,2019,Chambers County
BARBERS HILL ISD PD,0,0,0,0,0,4,0,4,0,2019,Chambers County
FULSHEAR PD,0,0,0,0,6,76,7,89,13967,2019,Fort Bend County
RICHMOND PD,0,8,6,31,36,178,10,269,12086,2019,Fort Bend County
STAFFORD PD,1,23,31,53,63,500,44,715,18380,2019,Fort Bend County
NEEDVILLE PD,0,0,1,0,0,2,0,3,3094,2019,Fort Bend County
SUGAR LAND PD,3,14,26,25,190,1303,65,1626,119944,2019,Fort Bend County
MEADOWS PLACE PD,0,0,1,4,14,121,13,153,4616,2019,Fort Bend County
ARCOLA PD,0,0,1,0,12,28,13,54,2627,2019,Fort Bend County
MISSOURI CITY PD,1,13,24,68,106,619,51,882,75747,2019,Fort Bend County
FORT BEND ISD PD,0,4,3,146,5,232,3,393,0,2019,Fort Bend County
ROSENBERG PD,0,36,20,95,133,491,63,838,38936,2019,Fort Bend County
FORT BEND CO SO,10,126,118,585,687,3636,300,5462,482965,2019,Fort Bend County
LA MARQUE PD,2,10,17,42,103,617,56,847,17088,2019,Galveston County
COLLEGE OF THE MAINLAND PD (NR),0,0,0,0,0,6,0,6,0,2019,Galveston County
UNIV OF TX: MEDICAL BRANCH PD,0,1,0,5,0,66,8,80,0,2019,Galveston County
KEMAH PD,1,2,3,2,5,89,11,113,2056,2019,Galveston County
GALVESTON PD,3,80,71,88,204,1182,263,1891,50801,2019,Galveston County
GALVESTON CO SO,2,30,16,72,169,433,94,816,40394,2019,Galveston County
GALVESTON ISD PD,0,3,0,11,3,28,1,46,0,2019,Galveston County
SANTA FE ISD PD,0,0,0,21,0,9,0,30,0,2019,Galveston County
BAYOU VISTA PD (NR),0,1,0,1,7,5,0,14,1648,2019,Galveston County
DICKINSON PD,0,25,15,26,72,234,68,440,21101,2019,Galveston County
FRIENDSWOOD PD,0,12,8,6,53,193,18,290,40735,2019,Galveston County
TX A&M UNIV: GALVESTON PD (NR),0,0,0,0,0,14,0,14,0,2019,Galveston County
LEAGUE CITY PD,3,57,14,48,193,1212,87,1614,109401,2019,Galveston County
SANTA FE PD,0,5,4,6,21,88,17,141,13657,2019,Galveston County
TEXAS CITY PD,5,29,52,113,184,1092,126,1601,49659,2019,Galveston County
JAMAICA BEACH PD,0,0,0,3,2,2,5,12,1091,2019,Galveston County
NAVASOTA PD,0,10,3,18,83,101,30,245,7795,2019,Grimes County
GRIMES CO SO,0,2,1,3,41,63,10,120,20611,2019,Grimes County
RICE UNIV PD,0,1,1,1,2,170,8,183,0,2019,Harris County
PASADENA ISD PD,0,1,0,9,7,32,2,51,0,2019,Harris County
UNIV OF HOUSTON PD,0,9,9,5,45,371,19,458,0,2019,Harris County
PORT OF HOUSTON AUTH PD,0,1,0,0,1,6,1,9,0,2019,Harris County
HOUSTON ISD PD,0,44,14,33,112,237,13,453,0,2019,Harris County
SPRING BRANCH ISD PD,0,1,1,11,7,57,8,85,0,2019,Harris County
JACINTO CITY PD,0,0,5,8,20,176,32,241,10632,2019,Harris County
LA PORTE PD,1,14,15,52,73,394,55,604,35622,2019,Harris County
UNIV OF ST. THOMAS PD,0,0,0,0,3,32,0,35,0,2019,Harris County
ALIEF ISD PD,0,0,11,23,1,44,3,82,0,2019,Harris County
JERSEY VILLAGE PD,0,0,8,11,58,94,28,199,8006,2019,Harris County
HUMBLE PD,1,34,58,96,110,1394,177,1870,16157,2019,Harris County
HOUSTON BAPTIST UNIV PD,0,0,0,0,5,11,1,17,0,2019,Harris County
TOMBALL PD,0,0,0,0,0,0,0,0,11897,2019,Harris County
HOUSTON PD,281,1382,9168,14643,17075,71799,13170,127518,2355606,2019,Harris County
WEBSTER PD,0,16,10,18,57,455,61,617,11273,2019,Harris County
HARRIS CO SO,97,860,2249,4123,7044,29466,6016,49855,1931639,2019,Harris County
KATY PD,0,22,19,21,64,694,39,859,19966,2019,Harris County
UNIV OF HOUSTON: CLEAR LAKE PD,0,0,0,0,0,34,0,34,0,2019,Harris County
BAYTOWN PD,3,49,91,182,447,2005,386,3163,77707,2019,Harris County
NASSAU BAY PD,0,3,2,5,7,77,6,100,4040,2019,Harris County
DEER PARK PD,4,22,5,17,52,464,37,601,34167,2019,Harris County
BELLAIRE PD,1,5,11,12,56,266,19,370,19233,2019,Harris County
HEDWIG VILLAGE PD,0,0,6,0,6,196,6,214,2684,2019,Harris County
TEXAS SOUTHERN UNIV PD,0,5,4,6,14,71,10,110,0,2019,Harris County
HUMBLE ISD PD,0,2,1,2,0,47,2,54,0,2019,Harris County
WEST UNIVERSITY PLACE PD,0,1,4,1,49,68,7,130,15818,2019,Harris County
KLEIN ISD PD,0,4,1,14,0,130,1,150,0,2019,Harris County
PASADENA PD,8,88,183,572,531,2798,546,4726,153689,2019,Harris County
SEABROOK PD,0,10,2,8,32,146,20,218,14611,2019,Harris County
HOUSTON METRO TRANSIT PD,0,0,2,7,0,47,5,61,0,2019,Harris County
MEMORIAL VILLAGES PD,0,0,1,7,18,56,1,83,12472,2019,Harris County
UNIV OF  HOUSTON:  DOWNTOWN PD,0,0,0,1,1,22,1,25,0,2019,Harris County
ALDINE ISD PD,0,0,3,6,21,55,2,87,0,2019,Harris County
GALENA PARK PD,1,7,3,11,27,92,22,163,10934,2019,Harris County
SAN JACINTO COLLEGE PD,0,1,1,0,0,45,2,49,0,2019,Harris County
SPRING VALLEY VILLAGE PD,0,0,1,0,3,70,12,86,4414,2019,Harris County
KATY ISD PD,0,20,9,4,2,228,1,264,0,2019,Harris County
SOUTH HOUSTON PD,1,6,33,42,85,268,100,535,17655,2019,Harris County
HOUSTON COMM COLLEGE PD,0,0,3,1,7,118,9,138,0,2019,Harris County
LAKEVIEW PD,0,2,0,4,5,39,3,53,6361,2019,Harris County
SOUTHSIDE PLACE PD,0,0,2,1,2,10,1,16,1902,2019,Harris County
UNIV OF TX: HOUSTON  PD,0,5,3,0,9,279,5,301,0,2019,Harris County
SPRING ISD PD,0,3,3,47,6,62,1,122,0,2019,Harris County
LONE STAR COLLEGE PD,0,0,0,1,9,37,11,58,0,2019,Harris County
LIBERTY CO SO,1,48,4,89,252,309,124,827,61001,2019,Liberty County
LIBERTY PD,0,5,2,19,29,181,6,242,9471,2019,Liberty County
CLEVELAND PD (NR),1,0,7,41,54,393,37,533,8284,2019,Liberty County
DAYTON PD,0,1,3,10,47,155,31,247,8464,2019,Liberty County
MATAGORDA CO SO,0,19,6,40,91,214,27,397,14241,2019,Matagorda County
VAN VLECK ISD PD,0,0,0,0,0,4,0,4,0,2019,Matagorda County
BAY CITY ISD PD,0,0,0,14,3,4,0,21,0,2019,Matagorda County
PALACIOS PD,0,2,0,13,14,80,0,109,4561,2019,Matagorda County
BAY CITY PD,0,19,6,49,142,537,26,779,17501,2019,Matagorda County
OAK RIDGE NORTH PD,0,0,1,2,2,33,2,40,3174,2019,Montgomery County
MONTGOMERY PD,0,1,1,5,5,16,3,31,1102,2019,Montgomery County
WILLIS PD,0,6,5,16,28,116,12,183,6587,2019,Montgomery County
MONTGOMERY CO SO,12,74,103,547,1052,3366,558,5712,484891,2019,Montgomery County
SPLENDORA PD,0,1,2,5,11,6,12,37,2199,2019,Montgomery County
MAGNOLIA PD,0,0,2,5,6,7,8,28,2218,2019,Montgomery County
CONROE ISD PD,0,19,2,101,4,95,0,221,0,2019,Montgomery County
CONROE PD,2,40,50,122,412,1848,156,2630,90900,2019,Montgomery County
ROMAN FOREST PD,0,0,0,3,0,8,1,12,2031,2019,Montgomery County
PATTON VILLAGE PD,0,1,0,4,2,13,6,26,2095,2019,Montgomery County
SHENANDOAH PD,0,5,3,1,17,225,21,272,3077,2019,Montgomery County
LIVINGSTON PD,1,6,2,8,13,254,30,314,5112,2019,Polk County
CORRIGAN PD,0,2,0,9,5,17,8,41,1605,2019,Polk County
POLK CO SO,5,33,7,30,214,376,81,746,40751,2019,Polk County
ONALASKA PD,0,2,0,8,28,20,14,72,2852,2019,Polk County
SAN JACINTO CO SO,0,26,1,17,115,173,42,374,28832,2019,San Jacinto County
HUNTSVILLE PD,0,23,23,151,114,546,62,919,41881,2019,Walker County
WALKER CO SO,0,11,3,38,62,94,32,240,30689,2019,Walker County
BROOKSHIRE PD,0,5,4,14,12,60,10,105,5592,2019,Waller County
WALLER CO SO,1,18,7,22,83,163,32,326,28680,2019,Waller County
TX A&M UNIV: PRAIRIE VIEW PD,0,11,3,4,18,76,12,124,0,2019,Waller County
HEMPSTEAD PD,2,6,7,44,25,113,10,207,8426,2019,Waller County
WALLER PD,0,0,0,4,5,38,7,54,3611,2019,Waller County
PRAIRIE VIEW PD,0,0,2,3,11,19,1,36,6543,2019,Waller County
BRENHAM PD,0,15,6,72,63,276,22,454,17375,2019,Washington County
WASHINGTON CO SO,0,11,2,37,47,79,14,190,17691,2019,Washington County
WHARTON PD,0,4,13,23,40,156,13,249,8627,2019,Wharton County
WHARTON CO SO,1,10,4,46,73,126,30,290,21158,2019,Wharton County
WHARTON ISD PD,0,0,0,0,0,0,0,0,0,2019,Wharton County
EL CAMPO PD,0,4,8,34,64,277,18,405,11615,2019,Wharton County
BELLVILLE PD,1,0,1,15,12,30,5,64,4233,2020,Austin County
SEALY ISD PD,0,0,0,0,1,0,0,1,0,2020,Austin County
AUSTIN CO SO,1,3,1,9,18,44,17,93,18095,2020,Austin County
WALLIS PD,1,2,0,4,7,4,3,21,1309,2020,Austin County
SEALY PD,0,1,1,5,34,55,6,102,6484,2020,Austin County
OYSTER CREEK PD,0,4,0,6,1,10,4,25,1203,2020,Brazoria County
SWEENY PD,0,2,2,5,17,48,2,76,3716,2020,Brazoria County
WEST COLUMBIA PD,0,1,0,3,2,19,2,27,3823,2020,Brazoria County
MANVEL PD,0,5,2,10,20,64,7,108,13971,2020,Brazoria County
SURFSIDE BEACH PD,0,1,1,4,2,19,8,35,591,2020,Brazoria County
DANBURY PD (NR),0,0,0,0,0,1,0,1,1765,2020,Brazoria County
ANGLETON ISD PD,0,0,0,3,1,3,0,7,0,2020,Brazoria County
ANGLETON PD,0,14,4,20,18,259,22,337,19500,2020,Brazoria County
BRAZOSPORT ISD PD,0,1,0,3,2,5,0,11,0,2020,Brazoria County
COLUMBIA-BRAZORIA ISD PD,0,0,0,0,0,0,0,0,0,2020,Brazoria County
PEARLAND PD,3,30,34,61,181,1502,122,1933,126111,2020,Brazoria County
ALVIN PD,0,18,13,53,70,607,58,819,27015,2020,Brazoria County
BRAZORIA CO SO,5,13,35,181,212,792,182,1420,123459,2020,Brazoria County
CLUTE PD,1,9,9,17,51,123,25,235,11742,2020,Brazoria County
ALVIN ISD PD,0,0,0,1,2,40,0,43,0,2020,Brazoria County
RICHWOOD PD,1,5,0,1,6,49,1,63,4044,2020,Brazoria County
FREEPORT PD,1,3,2,42,49,174,1,272,12144,2020,Brazoria County
JONES CREEK PD (NR),0,0,0,2,2,16,2,22,2079,2020,Brazoria County
BROOKSIDE VILLAGE PD (NR),0,1,1,1,5,9,2,19,1583,2020,Brazoria County
LAKE JACKSON PD,2,9,3,34,46,511,56,661,27265,2020,Brazoria County
BRAZORIA PD,0,0,1,6,6,30,6,49,3059,2020,Brazoria County
IOWA COLONY PD,0,2,1,3,15,21,5,47,3686,2020,Brazoria County
COLLEGE STATION PD,2,67,28,137,326,1787,214,2561,120831,2020,Brazos County
BRYAN PD,7,104,49,305,280,1303,136,2184,87435,2020,Brazos County
BRAZOS CO SO,0,9,2,19,53,213,24,320,24221,2020,Brazos County
TX A&M UNIV: COLLEGE STATION PD,0,4,1,7,16,191,28,247,0,2020,Brazos County
CHAMBERS CO SO,4,13,7,97,102,415,66,704,33564,2020,Chambers County
MONT BELVIEU PD,0,3,1,9,13,93,32,151,6954,2020,Chambers County
BARBERS HILL ISD PD,0,0,0,0,2,1,0,3,0,2020,Chambers County
RICHMOND PD,0,7,14,29,28,144,25,247,12630,2020,Fort Bend County
FULSHEAR PD,0,0,0,3,6,46,5,60,14094,2020,Fort Bend County
STAFFORD PD,1,11,19,30,52,463,73,649,17423,2020,Fort Bend County
SUGAR LAND PD,4,10,20,37,111,1080,89,1351,119671,2020,Fort Bend County
NEEDVILLE PD,0,0,0,2,0,4,0,6,3121,2020,Fort Bend County
MEADOWS PLACE PD,0,0,4,2,10,128,1,145,4587,2020,Fort Bend County
ARCOLA PD,0,0,2,1,9,27,5,44,2811,2020,Fort Bend County
FORT BEND CO SO,11,151,115,726,675,3667,365,5710,507976,2020,Fort Bend County
MISSOURI CITY PD,2,15,41,72,88,550,54,822,76476,2020,Fort Bend County
ROSENBERG PD,4,32,26,98,145,418,65,788,39162,2020,Fort Bend County
FORT BEND ISD PD,0,0,4,39,8,79,2,132,0,2020,Fort Bend County
COLLEGE OF THE MAINLAND PD (NR),0,0,0,0,0,0,0,0,0,2020,Galveston County
LA MARQUE PD,4,12,24,81,116,620,76,933,17656,2020,Galveston County
KEMAH PD,0,3,0,5,11,76,6,101,2046,2020,Galveston County
UNIV OF TX: MEDICAL BRANCH PD,0,1,0,4,7,70,1,83,0,2020,Galveston County
GALVESTON CO SO,5,37,11,93,136,422,115,819,42513,2020,Galveston County
GALVESTON PD,6,84,65,177,212,1220,252,2016,50751,2020,Galveston County
SANTA FE ISD PD,0,0,1,6,0,8,0,15,0,2020,Galveston County
GALVESTON ISD PD,0,0,0,5,2,7,0,14,0,2020,Galveston County
HITCHCOCK PD,0,2,2,14,38,53,12,121,8023,2020,Galveston County
BAYOU VISTA PD (NR),0,0,0,1,3,14,2,20,1644,2020,Galveston County
DICKINSON PD,1,15,13,49,118,246,48,490,21364,2020,Galveston County
FRIENDSWOOD PD,0,6,4,26,41,171,25,273,40795,2020,Galveston County
TX A&M UNIV: GALVESTON PD (NR),0,0,0,0,1,5,0,6,0,2020,Galveston County
LEAGUE CITY PD,1,40,25,65,169,1203,125,1628,110518,2020,Galveston County
SANTA FE PD,0,22,4,8,41,107,24,206,13577,2020,Galveston County
JAMAICA BEACH PD,0,0,0,4,5,1,2,12,1089,2020,Galveston County
TEXAS CITY PD,11,36,29,103,188,1045,167,1579,50660,2020,Galveston County
NAVASOTA PD,0,10,11,32,63,112,31,259,8104,2020,Grimes County
GRIMES CO SO,0,7,0,20,45,60,26,158,20941,2020,Grimes County
RICE UNIV PD,0,0,1,0,14,80,7,102,0,2020,Harris County
SPRING BRANCH ISD PD,0,1,1,1,4,27,1,35,0,2020,Harris County
PASADENA ISD PD,0,0,1,0,10,20,2,33,0,2020,Harris County
JACINTO CITY PD,0,1,10,4,23,246,48,332,10455,2020,Harris County
LA PORTE PD,0,14,12,55,64,323,55,523,35102,2020,Harris County
HOUSTON ISD PD,0,2,4,9,93,116,8,232,0,2020,Harris County
UNIV OF ST. THOMAS PD,0,0,1,1,0,9,2,13,0,2020,Harris County
PORT OF HOUSTON AUTH PD,0,0,0,1,0,7,1,9,0,2020,Harris County
UNIV OF HOUSTON PD,0,5,4,3,26,208,38,284,0,2020,Harris County
ALIEF ISD PD,0,0,1,9,7,35,2,54,0,2020,Harris County
TOMBALL PD,0,3,9,32,25,245,56,370,11901,2020,Harris County
JERSEY VILLAGE PD,0,2,7,8,60,152,52,281,7921,2020,Harris County
HOUSTON PD,414,1286,8745,19235,15869,67851,14923,128323,2346155,2020,Harris County
WEBSTER PD,0,7,26,38,89,614,89,863,11545,2020,Harris County
HOUSTON BAPTIST UNIV PD,0,0,0,1,5,5,0,11,0,2020,Harris County
HUMBLE PD,3,37,48,77,89,1051,203,1508,15901,2020,Harris County
KATY PD,0,11,12,24,50,611,62,770,22797,2020,Harris County
UNIV OF HOUSTON: CLEAR LAKE PD,0,1,0,0,0,11,0,12,0,2020,Harris County
HARRIS CO SO,125,1021,2078,5601,6598,30431,6851,52705,1965544,2020,Harris County
DEER PARK PD,0,14,8,25,63,467,43,620,33631,2020,Harris County
BAYTOWN PD,9,42,83,202,390,2110,421,3257,77823,2020,Harris County
BELLAIRE PD,0,2,13,11,36,215,10,287,19210,2020,Harris County
NASSAU BAY PD,1,2,3,11,32,56,11,116,3968,2020,Harris County
HEDWIG VILLAGE PD,0,0,2,3,3,150,10,168,2643,2020,Harris County
TEXAS SOUTHERN UNIV PD,0,2,1,3,11,72,8,97,0,2020,Harris County
HUMBLE ISD PD,1,0,0,1,5,38,0,45,0,2020,Harris County
WEST UNIVERSITY PLACE PD,0,0,5,0,22,115,9,151,15700,2020,Harris County
KLEIN ISD PD,0,3,0,3,3,64,0,73,0,2020,Harris County
UNIV OF  HOUSTON:  DOWNTOWN PD,0,0,0,0,0,3,0,3,0,2020,Harris County
HOUSTON METRO TRANSIT PD,0,0,3,3,0,48,2,56,0,2020,Harris County
MEMORIAL VILLAGES PD,0,0,2,1,7,66,6,82,12375,2020,Harris County
GALENA PARK PD,1,2,3,22,28,93,34,183,10740,2020,Harris County
SAN JACINTO COLLEGE PD,0,0,0,0,1,13,2,16,0,2020,Harris County
ALDINE ISD PD,0,0,2,1,8,37,0,48,0,2020,Harris County
PASADENA PD,8,80,160,617,422,2507,622,4416,151421,2020,Harris County
SEABROOK PD,0,21,3,24,33,146,30,257,14415,2020,Harris County
SOUTH HOUSTON PD,4,2,38,50,73,306,121,594,17485,2020,Harris County
SPRING VALLEY VILLAGE PD,0,0,0,1,2,65,14,82,4389,2020,Harris County
KATY ISD PD,0,6,2,3,1,119,0,131,0,2020,Harris County
HOUSTON COMM COLLEGE PD,0,0,0,1,4,46,4,55,0,2020,Harris County
SPRING ISD PD,0,2,0,3,5,20,0,30,0,2020,Harris County
LAKEVIEW PD,0,0,1,5,11,51,5,73,6231,2020,Harris County
LONE STAR COLLEGE PD,0,0,0,0,4,7,3,14,0,2020,Harris County
UNIV OF TX: HOUSTON  PD,0,2,1,3,7,236,13,262,0,2020,Harris County
SOUTHSIDE PLACE PD,0,0,0,3,0,11,0,14,1902,2020,Harris County
LIBERTY CO SO,11,52,14,173,204,323,187,964,63237,2020,Liberty County
LIBERTY PD,0,3,0,23,11,123,12,172,9418,2020,Liberty County
DAYTON PD,0,1,1,7,26,122,21,178,8510,2020,Liberty County
CLEVELAND PD (NR),3,0,3,42,48,261,37,394,8285,2020,Liberty County
MATAGORDA CO SO,2,12,3,54,56,181,41,349,14490,2020,Matagorda County
VAN VLECK ISD PD,0,0,0,0,0,4,0,4,0,2020,Matagorda County
BAY CITY ISD PD,0,0,0,2,0,9,0,11,0,2020,Matagorda County
PALACIOS PD,0,3,2,13,11,51,2,82,4516,2020,Matagorda County
BAY CITY PD,7,20,11,56,101,495,22,712,17505,2020,Matagorda County
OAK RIDGE NORTH PD,0,1,2,3,7,43,4,60,3171,2020,Montgomery County
MONTGOMERY CO SO,14,61,92,643,793,3039,525,5167,498315,2020,Montgomery County
MONTGOMERY PD,0,1,2,4,5,13,3,28,1488,2020,Montgomery County
WILLIS PD,0,5,4,26,17,114,18,184,7166,2020,Montgomery County
SPLENDORA PD,0,0,0,6,7,17,5,35,2337,2020,Montgomery County
MAGNOLIA PD,0,0,3,5,9,20,4,41,2193,2020,Montgomery County
CONROE ISD PD,0,6,1,2,7,40,3,59,0,2020,Montgomery County
CONROE PD,2,35,47,91,248,1927,177,2527,94451,2020,Montgomery County
PATTON VILLAGE PD,0,3,1,5,5,7,1,22,2228,2020,Montgomery County
ROMAN FOREST PD,0,0,1,2,0,18,1,22,2058,2020,Montgomery County
MONTGOMERY ISD PD,0,0,0,0,0,1,0,1,0,2020,Montgomery County
SHENANDOAH PD,1,4,3,5,11,170,21,215,3098,2020,Montgomery County
LIVINGSTON PD,0,1,5,16,10,228,15,275,5240,2020,Polk County
CORRIGAN PD,1,0,1,1,2,13,4,22,1613,2020,Polk County
POLK CO SO,5,22,8,43,170,311,66,625,42021,2020,Polk County
ONALASKA PD,0,4,1,10,10,24,8,57,3006,2020,Polk County
SAN JACINTO CO SO,0,31,1,6,325,318,68,749,29039,2020,San Jacinto County
HUNTSVILLE PD,1,24,20,114,96,510,70,835,42648,2020,Walker County
WALKER CO SO,0,8,4,49,58,102,24,245,30618,2020,Walker County
BROOKSHIRE PD,1,4,2,13,13,46,8,87,5948,2020,Waller County
WALLER CO SO,1,27,12,20,86,179,21,346,29516,2020,Waller County
TX A&M UNIV: PRAIRIE VIEW PD,0,4,1,2,24,51,2,84,0,2020,Waller County
HEMPSTEAD PD,0,4,9,34,16,82,12,157,8699,2020,Waller County
WALLER PD,0,3,5,10,14,28,10,70,3654,2020,Waller County
PRAIRIE VIEW PD,1,2,5,15,26,23,7,79,7126,2020,Waller County
BRENHAM PD,0,16,5,30,37,253,18,359,18106,2020,Washington County
WASHINGTON CO SO,1,8,3,31,26,65,10,144,17904,2020,Washington County
WHARTON CO SO,0,1,3,54,77,174,36,345,21310,2020,Wharton County
WHARTON PD,0,1,5,18,38,109,13,184,8612,2020,Wharton County
WHARTON ISD PD,0,0,0,0,0,0,0,0,0,2020,Wharton County
EL CAMPO PD,2,7,7,47,44,278,35,420,11523,2020,Wharton County
